YEAR,MO,DY,ALLSKY_SFC_SW_DWN,Solar_Output,Load_kWh,Energy_Gap,Diesel_Liters,Diesel_Cost_2025,Diesel_Cost_2026,Date,Battery_SOC,Battery_Discharge,Diesel_Liters_Battery,Diesel_Needed_Battery,Excess_Solar,Month,Month_No,CO2_Emissions,CO2_Emissions_Battery,CO2_Reduction,Solar_Contribution,Diesel_Reduction,Diesel_Saved
2025,1,1,5.9369,47.4952,35,0.0,0.0,0.0,0.0,2025-01-01,10.0,0.0,0.0,0.0,12.495199999999997,January,1,0.0,0.0,0.0,135.7005714285714,0.0,0.0
2025,1,2,5.945,47.56,35,0.0,0.0,0.0,0.0,2025-01-02,10.0,0.0,0.0,0.0,12.560000000000002,January,1,0.0,0.0,0.0,135.8857142857143,0.0,0.0
2025,1,3,5.5214,44.1712,35,0.0,0.0,0.0,0.0,2025-01-03,10.0,0.0,0.0,0.0,9.171199999999999,January,1,0.0,0.0,0.0,126.20342857142856,0.0,0.0
2025,1,4,5.6784,45.4272,35,0.0,0.0,0.0,0.0,2025-01-04,10.0,0.0,0.0,0.0,10.4272,January,1,0.0,0.0,0.0,129.792,0.0,0.0
2025,1,5,5.9743,47.7944,35,0.0,0.0,0.0,0.0,2025-01-05,10.0,0.0,0.0,0.0,12.794400000000003,January,1,0.0,0.0,0.0,136.55542857142856,0.0,0.0
2025,1,6,5.7991,46.3928,35,0.0,0.0,0.0,0.0,2025-01-06,10.0,0.0,0.0,0.0,11.392800000000001,January,1,0.0,0.0,0.0,132.55085714285715,0.0,0.0
2025,1,7,5.8447,46.7576,35,0.0,0.0,0.0,0.0,2025-01-07,10.0,0.0,0.0,0.0,11.757599999999996,January,1,0.0,0.0,0.0,133.59314285714285,0.0,0.0
2025,1,8,5.933,47.464,35,0.0,0.0,0.0,0.0,2025-01-08,10.0,0.0,0.0,0.0,12.463999999999999,January,1,0.0,0.0,0.0,135.61142857142855,0.0,0.0
2025,1,9,6.0007,48.0056,35,0.0,0.0,0.0,0.0,2025-01-09,10.0,0.0,0.0,0.0,13.005600000000001,January,1,0.0,0.0,0.0,137.15885714285713,0.0,0.0
2025,1,10,5.989,47.912,35,0.0,0.0,0.0,0.0,2025-01-10,10.0,0.0,0.0,0.0,12.911999999999999,January,1,0.0,0.0,0.0,136.89142857142858,0.0,0.0
2025,1,11,5.941,47.528,35,0.0,0.0,0.0,0.0,2025-01-11,10.0,0.0,0.0,0.0,12.527999999999999,January,1,0.0,0.0,0.0,135.7942857142857,0.0,0.0
2025,1,12,5.8747,46.9976,35,0.0,0.0,0.0,0.0,2025-01-12,10.0,0.0,0.0,0.0,11.997599999999998,January,1,0.0,0.0,0.0,134.27885714285713,0.0,0.0
2025,1,13,5.6671,45.3368,35,0.0,0.0,0.0,0.0,2025-01-13,10.0,0.0,0.0,0.0,10.336799999999997,January,1,0.0,0.0,0.0,129.53371428571427,0.0,0.0
2025,1,14,5.6371,45.0968,35,0.0,0.0,0.0,0.0,2025-01-14,10.0,0.0,0.0,0.0,10.096800000000002,January,1,0.0,0.0,0.0,128.848,0.0,0.0
2025,1,15,5.5858,44.6864,35,0.0,0.0,0.0,0.0,2025-01-15,10.0,0.0,0.0,0.0,9.686399999999999,January,1,0.0,0.0,0.0,127.67542857142857,0.0,0.0
2025,1,16,5.6434,45.1472,35,0.0,0.0,0.0,0.0,2025-01-16,10.0,0.0,0.0,0.0,10.147199999999998,January,1,0.0,0.0,0.0,128.992,0.0,0.0
2025,1,17,5.8927,47.1416,35,0.0,0.0,0.0,0.0,2025-01-17,10.0,0.0,0.0,0.0,12.141599999999997,January,1,0.0,0.0,0.0,134.6902857142857,0.0,0.0
2025,1,18,5.3208,42.5664,35,0.0,0.0,0.0,0.0,2025-01-18,10.0,0.0,0.0,0.0,7.566400000000002,January,1,0.0,0.0,0.0,121.61828571428572,0.0,0.0
2025,1,19,5.004,40.032,35,0.0,0.0,0.0,0.0,2025-01-19,10.0,0.0,0.0,0.0,5.0319999999999965,January,1,0.0,0.0,0.0,114.37714285714284,0.0,0.0
2025,1,20,4.909,39.272,35,0.0,0.0,0.0,0.0,2025-01-20,10.0,0.0,0.0,0.0,4.2719999999999985,January,1,0.0,0.0,0.0,112.2057142857143,0.0,0.0
2025,1,21,5.3669,42.9352,35,0.0,0.0,0.0,0.0,2025-01-21,10.0,0.0,0.0,0.0,7.935200000000002,January,1,0.0,0.0,0.0,122.672,0.0,0.0
2025,1,22,6.0816,48.6528,35,0.0,0.0,0.0,0.0,2025-01-22,10.0,0.0,0.0,0.0,13.6528,January,1,0.0,0.0,0.0,139.008,0.0,0.0
2025,1,23,6.1099,48.8792,35,0.0,0.0,0.0,0.0,2025-01-23,10.0,0.0,0.0,0.0,13.879199999999997,January,1,0.0,0.0,0.0,139.6548571428571,0.0,0.0
2025,1,24,5.6083,44.8664,35,0.0,0.0,0.0,0.0,2025-01-24,10.0,0.0,0.0,0.0,9.866399999999999,January,1,0.0,0.0,0.0,128.18971428571427,0.0,0.0
2025,1,25,6.1577,49.2616,35,0.0,0.0,0.0,0.0,2025-01-25,10.0,0.0,0.0,0.0,14.261600000000001,January,1,0.0,0.0,0.0,140.74742857142857,0.0,0.0
2025,1,26,6.1699,49.3592,35,0.0,0.0,0.0,0.0,2025-01-26,10.0,0.0,0.0,0.0,14.359200000000001,January,1,0.0,0.0,0.0,141.02628571428573,0.0,0.0
2025,1,27,6.1361,49.0888,35,0.0,0.0,0.0,0.0,2025-01-27,10.0,0.0,0.0,0.0,14.088799999999999,January,1,0.0,0.0,0.0,140.2537142857143,0.0,0.0
2025,1,28,6.3108,50.4864,35,0.0,0.0,0.0,0.0,2025-01-28,10.0,0.0,0.0,0.0,15.486400000000003,January,1,0.0,0.0,0.0,144.24685714285715,0.0,0.0
2025,1,29,6.2544,50.0352,35,0.0,0.0,0.0,0.0,2025-01-29,10.0,0.0,0.0,0.0,15.035200000000003,January,1,0.0,0.0,0.0,142.95771428571427,0.0,0.0
2025,1,30,6.0502,48.4016,35,0.0,0.0,0.0,0.0,2025-01-30,10.0,0.0,0.0,0.0,13.401600000000002,January,1,0.0,0.0,0.0,138.29028571428572,0.0,0.0
2025,1,31,6.1562,49.2496,35,0.0,0.0,0.0,0.0,2025-01-31,10.0,0.0,0.0,0.0,14.249600000000001,January,1,0.0,0.0,0.0,140.71314285714288,0.0,0.0
2025,2,1,5.297,42.376,35,0.0,0.0,0.0,0.0,2025-02-01,10.0,0.0,0.0,0.0,7.375999999999998,February,2,0.0,0.0,0.0,121.07428571428571,0.0,0.0
2025,2,2,6.1963,49.5704,35,0.0,0.0,0.0,0.0,2025-02-02,10.0,0.0,0.0,0.0,14.5704,February,2,0.0,0.0,0.0,141.6297142857143,0.0,0.0
2025,2,3,5.8675,46.94,35,0.0,0.0,0.0,0.0,2025-02-03,10.0,0.0,0.0,0.0,11.939999999999998,February,2,0.0,0.0,0.0,134.1142857142857,0.0,0.0
2025,2,4,6.2592,50.0736,35,0.0,0.0,0.0,0.0,2025-02-04,10.0,0.0,0.0,0.0,15.073599999999999,February,2,0.0,0.0,0.0,143.0674285714286,0.0,0.0
2025,2,5,5.7391,45.9128,35,0.0,0.0,0.0,0.0,2025-02-05,10.0,0.0,0.0,0.0,10.912799999999997,February,2,0.0,0.0,0.0,131.17942857142856,0.0,0.0
2025,2,6,5.7442,45.9536,35,0.0,0.0,0.0,0.0,2025-02-06,10.0,0.0,0.0,0.0,10.953600000000002,February,2,0.0,0.0,0.0,131.29600000000002,0.0,0.0
2025,2,7,5.149,41.192,35,0.0,0.0,0.0,0.0,2025-02-07,10.0,0.0,0.0,0.0,6.192,February,2,0.0,0.0,0.0,117.69142857142857,0.0,0.0
2025,2,8,5.4739,43.7912,35,0.0,0.0,0.0,0.0,2025-02-08,10.0,0.0,0.0,0.0,8.791200000000003,February,2,0.0,0.0,0.0,125.1177142857143,0.0,0.0
2025,2,9,5.7749,46.1992,35,0.0,0.0,0.0,0.0,2025-02-09,10.0,0.0,0.0,0.0,11.199199999999998,February,2,0.0,0.0,0.0,131.99771428571427,0.0,0.0
2025,2,10,5.5968,44.7744,35,0.0,0.0,0.0,0.0,2025-02-10,10.0,0.0,0.0,0.0,9.7744,February,2,0.0,0.0,0.0,127.92685714285714,0.0,0.0
2025,2,11,6.4589,51.6712,35,0.0,0.0,0.0,0.0,2025-02-11,10.0,0.0,0.0,0.0,16.6712,February,2,0.0,0.0,0.0,147.632,0.0,0.0
2025,2,12,6.216,49.728,35,0.0,0.0,0.0,0.0,2025-02-12,10.0,0.0,0.0,0.0,14.728000000000002,February,2,0.0,0.0,0.0,142.08,0.0,0.0
2025,2,13,6.2832,50.2656,35,0.0,0.0,0.0,0.0,2025-02-13,10.0,0.0,0.0,0.0,15.2656,February,2,0.0,0.0,0.0,143.61599999999999,0.0,0.0
2025,2,14,6.3684,50.9472,35,0.0,0.0,0.0,0.0,2025-02-14,10.0,0.0,0.0,0.0,15.947200000000002,February,2,0.0,0.0,0.0,145.56342857142857,0.0,0.0
2025,2,15,6.223,49.784,35,0.0,0.0,0.0,0.0,2025-02-15,10.0,0.0,0.0,0.0,14.783999999999999,February,2,0.0,0.0,0.0,142.23999999999998,0.0,0.0
2025,2,16,6.5249,52.1992,35,0.0,0.0,0.0,0.0,2025-02-16,10.0,0.0,0.0,0.0,17.199199999999998,February,2,0.0,0.0,0.0,149.14057142857143,0.0,0.0
2025,2,17,6.4454,51.5632,35,0.0,0.0,0.0,0.0,2025-02-17,10.0,0.0,0.0,0.0,16.563200000000002,February,2,0.0,0.0,0.0,147.32342857142856,0.0,0.0
2025,2,18,5.665,45.32,35,0.0,0.0,0.0,0.0,2025-02-18,10.0,0.0,0.0,0.0,10.32,February,2,0.0,0.0,0.0,129.4857142857143,0.0,0.0
2025,2,19,5.5702,44.5616,35,0.0,0.0,0.0,0.0,2025-02-19,10.0,0.0,0.0,0.0,9.561599999999999,February,2,0.0,0.0,0.0,127.31885714285713,0.0,0.0
2025,2,20,6.2798,50.2384,35,0.0,0.0,0.0,0.0,2025-02-20,10.0,0.0,0.0,0.0,15.238399999999999,February,2,0.0,0.0,0.0,143.5382857142857,0.0,0.0
2025,2,21,6.1291,49.0328,35,0.0,0.0,0.0,0.0,2025-02-21,10.0,0.0,0.0,0.0,14.032800000000002,February,2,0.0,0.0,0.0,140.0937142857143,0.0,0.0
2025,2,22,5.0386,40.3088,35,0.0,0.0,0.0,0.0,2025-02-22,10.0,0.0,0.0,0.0,5.308799999999998,February,2,0.0,0.0,0.0,115.168,0.0,0.0
2025,2,23,5.4614,43.6912,35,0.0,0.0,0.0,0.0,2025-02-23,10.0,0.0,0.0,0.0,8.691200000000002,February,2,0.0,0.0,0.0,124.83200000000001,0.0,0.0
2025,2,24,5.4041,43.2328,35,0.0,0.0,0.0,0.0,2025-02-24,10.0,0.0,0.0,0.0,8.232799999999997,February,2,0.0,0.0,0.0,123.52228571428572,0.0,0.0
2025,2,25,5.4526,43.6208,35,0.0,0.0,0.0,0.0,2025-02-25,10.0,0.0,0.0,0.0,8.620800000000003,February,2,0.0,0.0,0.0,124.63085714285715,0.0,0.0
2025,2,26,4.481,35.848,35,0.0,0.0,0.0,0.0,2025-02-26,10.0,0.0,0.0,0.0,0.847999999999999,February,2,0.0,0.0,0.0,102.42285714285715,0.0,0.0
2025,2,27,4.7513,38.0104,35,0.0,0.0,0.0,0.0,2025-02-27,10.0,0.0,0.0,0.0,3.010399999999997,February,2,0.0,0.0,0.0,108.60114285714285,0.0,0.0
2025,2,28,6.0766,48.6128,35,0.0,0.0,0.0,0.0,2025-02-28,10.0,0.0,0.0,0.0,13.6128,February,2,0.0,0.0,0.0,138.89371428571428,0.0,0.0
2025,3,1,6.1013,48.8104,35,0.0,0.0,0.0,0.0,2025-03-01,10.0,0.0,0.0,0.0,13.810400000000001,March,3,0.0,0.0,0.0,139.45828571428572,0.0,0.0
2025,3,2,6.5326,52.2608,35,0.0,0.0,0.0,0.0,2025-03-02,10.0,0.0,0.0,0.0,17.260800000000003,March,3,0.0,0.0,0.0,149.31657142857145,0.0,0.0
2025,3,3,6.7322,53.8576,35,0.0,0.0,0.0,0.0,2025-03-03,10.0,0.0,0.0,0.0,18.857599999999998,March,3,0.0,0.0,0.0,153.87885714285713,0.0,0.0
2025,3,4,6.6089,52.8712,35,0.0,0.0,0.0,0.0,2025-03-04,10.0,0.0,0.0,0.0,17.8712,March,3,0.0,0.0,0.0,151.06057142857142,0.0,0.0
2025,3,5,6.1709,49.3672,35,0.0,0.0,0.0,0.0,2025-03-05,10.0,0.0,0.0,0.0,14.367199999999997,March,3,0.0,0.0,0.0,141.04914285714284,0.0,0.0
2025,3,6,6.3336,50.6688,35,0.0,0.0,0.0,0.0,2025-03-06,10.0,0.0,0.0,0.0,15.668799999999997,March,3,0.0,0.0,0.0,144.76799999999997,0.0,0.0
2025,3,7,6.3984,51.1872,35,0.0,0.0,0.0,0.0,2025-03-07,10.0,0.0,0.0,0.0,16.187199999999997,March,3,0.0,0.0,0.0,146.24914285714286,0.0,0.0
2025,3,8,6.5035,52.028,35,0.0,0.0,0.0,0.0,2025-03-08,10.0,0.0,0.0,0.0,17.028,March,3,0.0,0.0,0.0,148.65142857142857,0.0,0.0
2025,3,9,6.1058,48.8464,35,0.0,0.0,0.0,0.0,2025-03-09,10.0,0.0,0.0,0.0,13.846400000000003,March,3,0.0,0.0,0.0,139.56114285714287,0.0,0.0
2025,3,10,5.5066,44.0528,35,0.0,0.0,0.0,0.0,2025-03-10,10.0,0.0,0.0,0.0,9.052799999999998,March,3,0.0,0.0,0.0,125.86514285714286,0.0,0.0
2025,3,11,6.0336,48.2688,35,0.0,0.0,0.0,0.0,2025-03-11,10.0,0.0,0.0,0.0,13.268799999999999,March,3,0.0,0.0,0.0,137.91085714285714,0.0,0.0
2025,3,12,5.9736,47.7888,35,0.0,0.0,0.0,0.0,2025-03-12,10.0,0.0,0.0,0.0,12.788800000000002,March,3,0.0,0.0,0.0,136.53942857142857,0.0,0.0
2025,3,13,5.833,46.664,35,0.0,0.0,0.0,0.0,2025-03-13,10.0,0.0,0.0,0.0,11.664000000000001,March,3,0.0,0.0,0.0,133.3257142857143,0.0,0.0
2025,3,14,5.5836,44.6688,35,0.0,0.0,0.0,0.0,2025-03-14,10.0,0.0,0.0,0.0,9.668799999999997,March,3,0.0,0.0,0.0,127.62514285714286,0.0,0.0
2025,3,15,5.8999,47.1992,35,0.0,0.0,0.0,0.0,2025-03-15,10.0,0.0,0.0,0.0,12.199199999999998,March,3,0.0,0.0,0.0,134.85485714285716,0.0,0.0
2025,3,16,6.1202,48.9616,35,0.0,0.0,0.0,0.0,2025-03-16,10.0,0.0,0.0,0.0,13.961599999999997,March,3,0.0,0.0,0.0,139.8902857142857,0.0,0.0
2025,3,17,6.6283,53.0264,35,0.0,0.0,0.0,0.0,2025-03-17,10.0,0.0,0.0,0.0,18.026400000000002,March,3,0.0,0.0,0.0,151.50400000000002,0.0,0.0
2025,3,18,6.582,52.656,35,0.0,0.0,0.0,0.0,2025-03-18,10.0,0.0,0.0,0.0,17.656,March,3,0.0,0.0,0.0,150.44571428571427,0.0,0.0
2025,3,19,5.8709,46.9672,35,0.0,0.0,0.0,0.0,2025-03-19,10.0,0.0,0.0,0.0,11.967199999999998,March,3,0.0,0.0,0.0,134.192,0.0,0.0
2025,3,20,6.4296,51.4368,35,0.0,0.0,0.0,0.0,2025-03-20,10.0,0.0,0.0,0.0,16.436799999999998,March,3,0.0,0.0,0.0,146.9622857142857,0.0,0.0
2025,3,21,5.8438,46.7504,35,0.0,0.0,0.0,0.0,2025-03-21,10.0,0.0,0.0,0.0,11.750399999999999,March,3,0.0,0.0,0.0,133.57257142857142,0.0,0.0
2025,3,22,5.4295,43.436,35,0.0,0.0,0.0,0.0,2025-03-22,10.0,0.0,0.0,0.0,8.436,March,3,0.0,0.0,0.0,124.10285714285713,0.0,0.0
2025,3,23,6.2186,49.7488,35,0.0,0.0,0.0,0.0,2025-03-23,10.0,0.0,0.0,0.0,14.748800000000003,March,3,0.0,0.0,0.0,142.1394285714286,0.0,0.0
2025,3,24,6.415,51.32,35,0.0,0.0,0.0,0.0,2025-03-24,10.0,0.0,0.0,0.0,16.32,March,3,0.0,0.0,0.0,146.62857142857143,0.0,0.0
2025,3,25,7.0183,56.1464,35,0.0,0.0,0.0,0.0,2025-03-25,10.0,0.0,0.0,0.0,21.1464,March,3,0.0,0.0,0.0,160.4182857142857,0.0,0.0
2025,3,26,6.1126,48.9008,35,0.0,0.0,0.0,0.0,2025-03-26,10.0,0.0,0.0,0.0,13.900799999999997,March,3,0.0,0.0,0.0,139.7165714285714,0.0,0.0
2025,3,27,5.0659,40.5272,35,0.0,0.0,0.0,0.0,2025-03-27,10.0,0.0,0.0,0.0,5.527200000000001,March,3,0.0,0.0,0.0,115.792,0.0,0.0
2025,3,28,5.5982,44.7856,35,0.0,0.0,0.0,0.0,2025-03-28,10.0,0.0,0.0,0.0,9.785600000000002,March,3,0.0,0.0,0.0,127.95885714285716,0.0,0.0
2025,3,29,6.702,53.616,35,0.0,0.0,0.0,0.0,2025-03-29,10.0,0.0,0.0,0.0,18.616,March,3,0.0,0.0,0.0,153.18857142857144,0.0,0.0
2025,3,30,6.1262,49.0096,35,0.0,0.0,0.0,0.0,2025-03-30,10.0,0.0,0.0,0.0,14.009599999999999,March,3,0.0,0.0,0.0,140.02742857142857,0.0,0.0
2025,3,31,6.329,50.632,35,0.0,0.0,0.0,0.0,2025-03-31,10.0,0.0,0.0,0.0,15.631999999999998,March,3,0.0,0.0,0.0,144.66285714285715,0.0,0.0
2025,4,1,5.3138,42.5104,35,0.0,0.0,0.0,0.0,2025-04-01,10.0,0.0,0.0,0.0,7.510399999999997,April,4,0.0,0.0,0.0,121.4582857142857,0.0,0.0
2025,4,2,3.3444,26.7552,35,8.244800000000001,2.0612000000000004,3091.8000000000006,3710.1600000000008,2025-04-02,1.7551999999999985,8.244800000000001,1.3112000000000004,0.0,0.0,April,4,5.524016000000001,3.514016000000001,2.0100000000000002,76.44342857142857,0.75,0.75
2025,4,3,6.1558,49.2464,35,0.0,0.0,0.0,0.0,2025-04-03,10.0,0.0,0.0,0.0,14.246400000000001,April,4,0.0,0.0,0.0,140.704,0.0,0.0
2025,4,4,6.967,55.736,35,0.0,0.0,0.0,0.0,2025-04-04,10.0,0.0,0.0,0.0,20.735999999999997,April,4,0.0,0.0,0.0,159.24571428571429,0.0,0.0
2025,4,5,6.9036,55.2288,35,0.0,0.0,0.0,0.0,2025-04-05,10.0,0.0,0.0,0.0,20.2288,April,4,0.0,0.0,0.0,157.7965714285714,0.0,0.0
2025,4,6,6.0494,48.3952,35,0.0,0.0,0.0,0.0,2025-04-06,10.0,0.0,0.0,0.0,13.395200000000003,April,4,0.0,0.0,0.0,138.27200000000002,0.0,0.0
2025,4,7,6.2762,50.2096,35,0.0,0.0,0.0,0.0,2025-04-07,10.0,0.0,0.0,0.0,15.209600000000002,April,4,0.0,0.0,0.0,143.45600000000002,0.0,0.0
2025,4,8,6.2158,49.7264,35,0.0,0.0,0.0,0.0,2025-04-08,10.0,0.0,0.0,0.0,14.726399999999998,April,4,0.0,0.0,0.0,142.07542857142857,0.0,0.0
2025,4,9,5.634,45.072,35,0.0,0.0,0.0,0.0,2025-04-09,10.0,0.0,0.0,0.0,10.072000000000003,April,4,0.0,0.0,0.0,128.77714285714285,0.0,0.0
2025,4,10,4.9018,39.2144,35,0.0,0.0,0.0,0.0,2025-04-10,10.0,0.0,0.0,0.0,4.214399999999998,April,4,0.0,0.0,0.0,112.04114285714286,0.0,0.0
2025,4,11,5.1694,41.3552,35,0.0,0.0,0.0,0.0,2025-04-11,10.0,0.0,0.0,0.0,6.3552000000000035,April,4,0.0,0.0,0.0,118.15771428571429,0.0,0.0
2025,4,12,5.4998,43.9984,35,0.0,0.0,0.0,0.0,2025-04-12,10.0,0.0,0.0,0.0,8.998399999999997,April,4,0.0,0.0,0.0,125.70971428571427,0.0,0.0
2025,4,13,6.8234,54.5872,35,0.0,0.0,0.0,0.0,2025-04-13,10.0,0.0,0.0,0.0,19.587200000000003,April,4,0.0,0.0,0.0,155.96342857142858,0.0,0.0
2025,4,14,7.2559,58.0472,35,0.0,0.0,0.0,0.0,2025-04-14,10.0,0.0,0.0,0.0,23.047199999999997,April,4,0.0,0.0,0.0,165.84914285714285,0.0,0.0
2025,4,15,6.0631,48.5048,35,0.0,0.0,0.0,0.0,2025-04-15,10.0,0.0,0.0,0.0,13.504800000000003,April,4,0.0,0.0,0.0,138.58514285714287,0.0,0.0
2025,4,16,5.873,46.984,35,0.0,0.0,0.0,0.0,2025-04-16,10.0,0.0,0.0,0.0,11.984000000000002,April,4,0.0,0.0,0.0,134.24,0.0,0.0
2025,4,17,5.5486,44.3888,35,0.0,0.0,0.0,0.0,2025-04-17,10.0,0.0,0.0,0.0,9.388800000000003,April,4,0.0,0.0,0.0,126.82514285714286,0.0,0.0
2025,4,18,6.6742,53.3936,35,0.0,0.0,0.0,0.0,2025-04-18,10.0,0.0,0.0,0.0,18.3936,April,4,0.0,0.0,0.0,152.55314285714286,0.0,0.0
2025,4,19,5.671,45.368,35,0.0,0.0,0.0,0.0,2025-04-19,10.0,0.0,0.0,0.0,10.368000000000002,April,4,0.0,0.0,0.0,129.62285714285716,0.0,0.0
2025,4,20,6.6576,53.2608,35,0.0,0.0,0.0,0.0,2025-04-20,10.0,0.0,0.0,0.0,18.260800000000003,April,4,0.0,0.0,0.0,152.17371428571428,0.0,0.0
2025,4,21,7.0006,56.0048,35,0.0,0.0,0.0,0.0,2025-04-21,10.0,0.0,0.0,0.0,21.004800000000003,April,4,0.0,0.0,0.0,160.0137142857143,0.0,0.0
2025,4,22,5.2802,42.2416,35,0.0,0.0,0.0,0.0,2025-04-22,10.0,0.0,0.0,0.0,7.241599999999998,April,4,0.0,0.0,0.0,120.69028571428571,0.0,0.0
2025,4,23,6.8467,54.7736,35,0.0,0.0,0.0,0.0,2025-04-23,10.0,0.0,0.0,0.0,19.773600000000002,April,4,0.0,0.0,0.0,156.496,0.0,0.0
2025,4,24,5.9374,47.4992,35,0.0,0.0,0.0,0.0,2025-04-24,10.0,0.0,0.0,0.0,12.499200000000002,April,4,0.0,0.0,0.0,135.71200000000002,0.0,0.0
2025,4,25,6.1049,48.8392,35,0.0,0.0,0.0,0.0,2025-04-25,10.0,0.0,0.0,0.0,13.839199999999998,April,4,0.0,0.0,0.0,139.5405714285714,0.0,0.0
2025,4,26,4.3318,34.6544,35,0.34559999999999746,0.08639999999999937,129.59999999999906,155.51999999999884,2025-04-26,9.654400000000003,0.34559999999999746,0.08639999999999937,0.0,0.0,April,4,0.23155199999999831,0.23155199999999831,0.0,99.01257142857143,0.0,0.0
2025,4,27,6.0125,48.1,35,0.0,0.0,0.0,0.0,2025-04-27,10.0,0.0,0.0,0.0,13.100000000000001,April,4,0.0,0.0,0.0,137.42857142857144,0.0,0.0
2025,4,28,4.8576,38.8608,35,0.0,0.0,0.0,0.0,2025-04-28,10.0,0.0,0.0,0.0,3.8607999999999976,April,4,0.0,0.0,0.0,111.03085714285714,0.0,0.0
2025,4,29,5.7581,46.0648,35,0.0,0.0,0.0,0.0,2025-04-29,10.0,0.0,0.0,0.0,11.064799999999998,April,4,0.0,0.0,0.0,131.61371428571428,0.0,0.0
2025,4,30,6.9737,55.7896,35,0.0,0.0,0.0,0.0,2025-04-30,10.0,0.0,0.0,0.0,20.7896,April,4,0.0,0.0,0.0,159.39885714285714,0.0,0.0
2025,5,1,5.0954,40.7632,35,0.0,0.0,0.0,0.0,2025-05-01,10.0,0.0,0.0,0.0,5.763199999999998,May,5,0.0,0.0,0.0,116.4662857142857,0.0,0.0
2025,5,2,4.3918,35.1344,35,0.0,0.0,0.0,0.0,2025-05-02,10.0,0.0,0.0,0.0,0.1343999999999994,May,5,0.0,0.0,0.0,100.384,0.0,0.0
2025,5,3,4.7719,38.1752,35,0.0,0.0,0.0,0.0,2025-05-03,10.0,0.0,0.0,0.0,3.1751999999999967,May,5,0.0,0.0,0.0,109.07199999999999,0.0,0.0
2025,5,4,5.0822,40.6576,35,0.0,0.0,0.0,0.0,2025-05-04,10.0,0.0,0.0,0.0,5.657600000000002,May,5,0.0,0.0,0.0,116.16457142857143,0.0,0.0
2025,5,5,6.383,51.064,35,0.0,0.0,0.0,0.0,2025-05-05,10.0,0.0,0.0,0.0,16.064,May,5,0.0,0.0,0.0,145.89714285714285,0.0,0.0
2025,5,6,6.0377,48.3016,35,0.0,0.0,0.0,0.0,2025-05-06,10.0,0.0,0.0,0.0,13.3016,May,5,0.0,0.0,0.0,138.00457142857144,0.0,0.0
2025,5,7,6.1394,49.1152,35,0.0,0.0,0.0,0.0,2025-05-07,10.0,0.0,0.0,0.0,14.115200000000002,May,5,0.0,0.0,0.0,140.32914285714287,0.0,0.0
2025,5,8,6.1591,49.2728,35,0.0,0.0,0.0,0.0,2025-05-08,10.0,0.0,0.0,0.0,14.272799999999997,May,5,0.0,0.0,0.0,140.77942857142855,0.0,0.0
2025,5,9,6.0893,48.7144,35,0.0,0.0,0.0,0.0,2025-05-09,10.0,0.0,0.0,0.0,13.714399999999998,May,5,0.0,0.0,0.0,139.184,0.0,0.0
2025,5,10,5.7823,46.2584,35,0.0,0.0,0.0,0.0,2025-05-10,10.0,0.0,0.0,0.0,11.258400000000002,May,5,0.0,0.0,0.0,132.16685714285714,0.0,0.0
2025,5,11,6.156,49.248,35,0.0,0.0,0.0,0.0,2025-05-11,10.0,0.0,0.0,0.0,14.247999999999998,May,5,0.0,0.0,0.0,140.70857142857142,0.0,0.0
2025,5,12,6.803,54.424,35,0.0,0.0,0.0,0.0,2025-05-12,10.0,0.0,0.0,0.0,19.424,May,5,0.0,0.0,0.0,155.49714285714285,0.0,0.0
2025,5,13,5.4194,43.3552,35,0.0,0.0,0.0,0.0,2025-05-13,10.0,0.0,0.0,0.0,8.355200000000004,May,5,0.0,0.0,0.0,123.872,0.0,0.0
2025,5,14,5.6165,44.932,35,0.0,0.0,0.0,0.0,2025-05-14,10.0,0.0,0.0,0.0,9.932000000000002,May,5,0.0,0.0,0.0,128.37714285714284,0.0,0.0
2025,5,15,3.7651,30.1208,35,4.879200000000001,1.2198000000000002,1829.7000000000003,2195.6400000000003,2025-05-15,5.120799999999999,4.879200000000001,1.2198000000000002,0.0,0.0,May,5,3.2690640000000006,3.2690640000000006,0.0,86.05942857142857,0.0,0.0
2025,5,16,6.2926,50.3408,35,0.0,0.0,0.0,0.0,2025-05-16,10.0,0.0,0.0,0.0,15.340800000000002,May,5,0.0,0.0,0.0,143.83085714285716,0.0,0.0
2025,5,17,4.2288,33.8304,35,1.1696000000000026,0.29240000000000066,438.600000000001,526.3200000000012,2025-05-17,8.830399999999997,1.1696000000000026,0.29240000000000066,0.0,0.0,May,5,0.7836320000000018,0.7836320000000018,0.0,96.65828571428571,0.0,0.0
2025,5,18,3.1366,25.0928,35,9.9072,2.4768,3715.2,4458.24,2025-05-18,0.0,8.830399999999997,2.4768,1.0768000000000022,0.0,May,5,6.637824,6.637824,0.0,71.69371428571428,0.0,0.0
2025,5,19,5.2642,42.1136,35,0.0,0.0,0.0,0.0,2025-05-19,7.113599999999998,0.0,0.0,0.0,7.113599999999998,May,5,0.0,0.0,0.0,120.32457142857143,0.0,0.0
2025,5,20,4.429,35.432,35,0.0,0.0,0.0,0.0,2025-05-20,7.5456,0.0,0.0,0.0,0.43200000000000216,May,5,0.0,0.0,0.0,101.23428571428572,0.0,0.0
2025,5,21,6.9638,55.7104,35,0.0,0.0,0.0,0.0,2025-05-21,10.0,0.0,0.0,0.0,20.7104,May,5,0.0,0.0,0.0,159.17257142857142,0.0,0.0
2025,5,22,6.3672,50.9376,35,0.0,0.0,0.0,0.0,2025-05-22,10.0,0.0,0.0,0.0,15.937600000000003,May,5,0.0,0.0,0.0,145.536,0.0,0.0
2025,5,23,5.7722,46.1776,35,0.0,0.0,0.0,0.0,2025-05-23,10.0,0.0,0.0,0.0,11.177599999999998,May,5,0.0,0.0,0.0,131.93599999999998,0.0,0.0
2025,5,24,4.2365,33.892,35,1.107999999999997,0.27699999999999925,415.49999999999886,498.59999999999866,2025-05-24,8.892000000000003,1.107999999999997,0.27699999999999925,0.0,0.0,May,5,0.742359999999998,0.742359999999998,0.0,96.83428571428573,0.0,0.0
2025,5,25,6.0338,48.2704,35,0.0,0.0,0.0,0.0,2025-05-25,10.0,0.0,0.0,0.0,13.270400000000002,May,5,0.0,0.0,0.0,137.91542857142858,0.0,0.0
2025,5,26,5.0878,40.7024,35,0.0,0.0,0.0,0.0,2025-05-26,10.0,0.0,0.0,0.0,5.702399999999997,May,5,0.0,0.0,0.0,116.2925714285714,0.0,0.0
2025,5,27,4.0111,32.0888,35,2.911200000000001,0.7278000000000002,1091.7000000000003,1310.0400000000004,2025-05-27,7.088799999999999,2.911200000000001,0.7278000000000002,0.0,0.0,May,5,1.9505040000000007,1.9505040000000007,0.0,91.68228571428571,0.0,0.0
2025,5,28,5.5944,44.7552,35,0.0,0.0,0.0,0.0,2025-05-28,10.0,0.0,0.0,0.0,9.755200000000002,May,5,0.0,0.0,0.0,127.87200000000001,0.0,0.0
2025,5,29,4.7371,37.8968,35,0.0,0.0,0.0,0.0,2025-05-29,10.0,0.0,0.0,0.0,2.896799999999999,May,5,0.0,0.0,0.0,108.27657142857143,0.0,0.0
2025,5,30,6.553,52.424,35,0.0,0.0,0.0,0.0,2025-05-30,10.0,0.0,0.0,0.0,17.424,May,5,0.0,0.0,0.0,149.78285714285715,0.0,0.0
2025,5,31,5.9105,47.284,35,0.0,0.0,0.0,0.0,2025-05-31,10.0,0.0,0.0,0.0,12.283999999999999,May,5,0.0,0.0,0.0,135.09714285714284,0.0,0.0
2025,6,1,5.3599,42.8792,35,0.0,0.0,0.0,0.0,2025-06-01,10.0,0.0,0.0,0.0,7.879199999999997,June,6,0.0,0.0,0.0,122.512,0.0,0.0
2025,6,2,6.559,52.472,35,0.0,0.0,0.0,0.0,2025-06-02,10.0,0.0,0.0,0.0,17.472,June,6,0.0,0.0,0.0,149.92000000000002,0.0,0.0
2025,6,3,2.0904,16.7232,35,18.2768,4.5692,6853.8,8224.560000000001,2025-06-03,0.0,10.0,4.5692,8.276800000000001,0.0,June,6,12.245456000000003,12.245456000000003,0.0,47.78057142857142,0.0,0.0
2025,6,4,5.9818,47.8544,35,0.0,0.0,0.0,0.0,2025-06-04,10.0,0.0,0.0,0.0,12.854399999999998,June,6,0.0,0.0,0.0,136.7268571428571,0.0,0.0
2025,6,5,6.5652,52.5216,35,0.0,0.0,0.0,0.0,2025-06-05,10.0,0.0,0.0,0.0,17.5216,June,6,0.0,0.0,0.0,150.0617142857143,0.0,0.0
2025,6,6,5.8488,46.7904,35,0.0,0.0,0.0,0.0,2025-06-06,10.0,0.0,0.0,0.0,11.790399999999998,June,6,0.0,0.0,0.0,133.68685714285712,0.0,0.0
2025,6,7,6.5304,52.2432,35,0.0,0.0,0.0,0.0,2025-06-07,10.0,0.0,0.0,0.0,17.2432,June,6,0.0,0.0,0.0,149.26628571428574,0.0,0.0
2025,6,8,6.091,48.728,35,0.0,0.0,0.0,0.0,2025-06-08,10.0,0.0,0.0,0.0,13.728000000000002,June,6,0.0,0.0,0.0,139.22285714285715,0.0,0.0
2025,6,9,6.0348,48.2784,35,0.0,0.0,0.0,0.0,2025-06-09,10.0,0.0,0.0,0.0,13.278399999999998,June,6,0.0,0.0,0.0,137.9382857142857,0.0,0.0
2025,6,10,6.3055,50.444,35,0.0,0.0,0.0,0.0,2025-06-10,10.0,0.0,0.0,0.0,15.444000000000003,June,6,0.0,0.0,0.0,144.1257142857143,0.0,0.0
2025,6,11,4.873,38.984,35,0.0,0.0,0.0,0.0,2025-06-11,10.0,0.0,0.0,0.0,3.9840000000000018,June,6,0.0,0.0,0.0,111.38285714285713,0.0,0.0
2025,6,12,6.0386,48.3088,35,0.0,0.0,0.0,0.0,2025-06-12,10.0,0.0,0.0,0.0,13.308799999999998,June,6,0.0,0.0,0.0,138.02514285714284,0.0,0.0
2025,6,13,4.279,34.232,35,0.7680000000000007,0.19200000000000017,288.0000000000002,345.6000000000003,2025-06-13,9.232,0.7680000000000007,0.19200000000000017,0.0,0.0,June,6,0.5145600000000005,0.5145600000000005,0.0,97.80571428571429,0.0,0.0
2025,6,14,4.1522,33.2176,35,1.7824000000000026,0.44560000000000066,668.400000000001,802.0800000000012,2025-06-14,7.449599999999997,1.7824000000000026,0.44560000000000066,0.0,0.0,June,6,1.194208000000002,1.194208000000002,0.0,94.90742857142857,0.0,0.0
2025,6,15,5.3191,42.5528,35,0.0,0.0,0.0,0.0,2025-06-15,10.0,0.0,0.0,0.0,7.552799999999998,June,6,0.0,0.0,0.0,121.57942857142856,0.0,0.0
2025,6,16,5.6304,45.0432,35,0.0,0.0,0.0,0.0,2025-06-16,10.0,0.0,0.0,0.0,10.043199999999999,June,6,0.0,0.0,0.0,128.69485714285713,0.0,0.0
2025,6,17,5.2831,42.2648,35,0.0,0.0,0.0,0.0,2025-06-17,10.0,0.0,0.0,0.0,7.264800000000001,June,6,0.0,0.0,0.0,120.75657142857143,0.0,0.0
2025,6,18,3.6379,29.1032,35,5.896799999999999,1.4741999999999997,2211.2999999999997,2653.5599999999995,2025-06-18,4.103200000000001,5.896799999999999,1.4741999999999997,0.0,0.0,June,6,3.9508559999999995,3.9508559999999995,0.0,83.152,0.0,0.0
2025,6,19,5.3611,42.8888,35,0.0,0.0,0.0,0.0,2025-06-19,10.0,0.0,0.0,0.0,7.888800000000003,June,6,0.0,0.0,0.0,122.53942857142859,0.0,0.0
2025,6,20,4.6243,36.9944,35,0.0,0.0,0.0,0.0,2025-06-20,10.0,0.0,0.0,0.0,1.9943999999999988,June,6,0.0,0.0,0.0,105.6982857142857,0.0,0.0
2025,6,21,5.5166,44.1328,35,0.0,0.0,0.0,0.0,2025-06-21,10.0,0.0,0.0,0.0,9.132800000000003,June,6,0.0,0.0,0.0,126.0937142857143,0.0,0.0
2025,6,22,5.1077,40.8616,35,0.0,0.0,0.0,0.0,2025-06-22,10.0,0.0,0.0,0.0,5.861600000000003,June,6,0.0,0.0,0.0,116.74742857142857,0.0,0.0
2025,6,23,4.8859,39.0872,35,0.0,0.0,0.0,0.0,2025-06-23,10.0,0.0,0.0,0.0,4.087200000000003,June,6,0.0,0.0,0.0,111.67771428571429,0.0,0.0
2025,6,24,4.6178,36.9424,35,0.0,0.0,0.0,0.0,2025-06-24,10.0,0.0,0.0,0.0,1.9423999999999992,June,6,0.0,0.0,0.0,105.54971428571429,0.0,0.0
2025,6,25,5.3741,42.9928,35,0.0,0.0,0.0,0.0,2025-06-25,10.0,0.0,0.0,0.0,7.992800000000003,June,6,0.0,0.0,0.0,122.83657142857143,0.0,0.0
2025,6,26,3.2378,25.9024,35,9.0976,2.2744,3411.6,4093.92,2025-06-26,0.9024000000000001,9.0976,2.2744,0.0,0.0,June,6,6.095392,6.095392,0.0,74.00685714285714,0.0,0.0
2025,6,27,4.5763,36.6104,35,0.0,0.0,0.0,0.0,2025-06-27,2.5127999999999986,0.0,0.0,0.0,1.6103999999999985,June,6,0.0,0.0,0.0,104.60114285714286,0.0,0.0
2025,6,28,4.2982,34.3856,35,0.6144000000000034,0.15360000000000085,230.40000000000128,276.4800000000015,2025-06-28,1.8983999999999952,0.6144000000000034,0.15360000000000085,0.0,0.0,June,6,0.4116480000000023,0.4116480000000023,0.0,98.24457142857142,0.0,0.0
2025,6,29,4.2547,34.0376,35,0.9624000000000024,0.2406000000000006,360.9000000000009,433.08000000000106,2025-06-29,0.9359999999999928,0.9624000000000024,0.2406000000000006,0.0,0.0,June,6,0.6448080000000016,0.6448080000000016,0.0,97.25028571428571,0.0,0.0
2025,6,30,2.9777,23.8216,35,11.1784,2.7946,4191.9,5030.28,2025-06-30,0.0,0.9359999999999928,2.7946,10.242400000000007,0.0,June,6,7.489528,7.489528,0.0,68.06171428571429,0.0,0.0
2025,7,1,2.4732,19.7856,35,15.214400000000001,3.8036000000000003,5705.400000000001,6846.4800000000005,2025-07-01,0.0,0.0,3.8036000000000003,15.214400000000001,0.0,July,7,10.193648000000001,10.193648000000001,0.0,56.53028571428571,0.0,0.0
2025,7,2,4.9025,39.22,35,0.0,0.0,0.0,0.0,2025-07-02,4.219999999999999,0.0,0.0,0.0,4.219999999999999,July,7,0.0,0.0,0.0,112.05714285714285,0.0,0.0
2025,7,3,4.5593,36.4744,35,0.0,0.0,0.0,0.0,2025-07-03,5.694400000000002,0.0,0.0,0.0,1.4744000000000028,July,7,0.0,0.0,0.0,104.21257142857144,0.0,0.0
2025,7,4,3.8933,31.1464,35,3.8536,0.9634,1445.1000000000001,1734.1200000000001,2025-07-04,1.8408000000000015,3.8536,0.9634,0.0,0.0,July,7,2.5819120000000004,2.5819120000000004,0.0,88.98971428571429,0.0,0.0
2025,7,5,3.5558,28.4464,35,6.553599999999999,1.6383999999999999,2457.6,2949.12,2025-07-05,0.0,1.8408000000000015,1.6383999999999999,4.712799999999998,0.0,July,7,4.390912,4.390912,0.0,81.27542857142858,0.0,0.0
2025,7,6,4.0891,32.7128,35,2.2871999999999986,0.5717999999999996,857.6999999999995,1029.2399999999993,2025-07-06,0.0,0.0,0.5717999999999996,2.2871999999999986,0.0,July,7,1.5324239999999991,1.5324239999999991,0.0,93.46514285714285,0.0,0.0
2025,7,7,3.9816,31.8528,35,3.1472000000000016,0.7868000000000004,1180.2000000000005,1416.2400000000007,2025-07-07,0.0,0.0,0.7868000000000004,3.1472000000000016,0.0,July,7,2.108624000000001,2.108624000000001,0.0,91.008,0.0,0.0
2025,7,8,4.519,36.152,35,0.0,0.0,0.0,0.0,2025-07-08,1.152000000000001,0.0,0.0,0.0,1.152000000000001,July,7,0.0,0.0,0.0,103.29142857142857,0.0,0.0
2025,7,9,4.0056,32.0448,35,2.955199999999998,0.7387999999999995,1108.1999999999991,1329.839999999999,2025-07-09,0.0,1.152000000000001,0.7387999999999995,1.8031999999999968,0.0,July,7,1.9799839999999986,1.9799839999999986,0.0,91.55657142857143,0.0,0.0
2025,7,10,4.0524,32.4192,35,2.5808000000000035,0.6452000000000009,967.8000000000013,1161.3600000000015,2025-07-10,0.0,0.0,0.6452000000000009,2.5808000000000035,0.0,July,7,1.7291360000000024,1.7291360000000024,0.0,92.6262857142857,0.0,0.0
2025,7,11,4.6145,36.916,35,0.0,0.0,0.0,0.0,2025-07-11,1.9159999999999968,0.0,0.0,0.0,1.9159999999999968,July,7,0.0,0.0,0.0,105.4742857142857,0.0,0.0
2025,7,12,4.0075,32.06,35,2.9399999999999977,0.7349999999999994,1102.499999999999,1322.999999999999,2025-07-12,0.0,1.9159999999999968,0.7349999999999994,1.024000000000001,0.0,July,7,1.9697999999999987,1.9697999999999987,0.0,91.60000000000001,0.0,0.0
2025,7,13,3.653,29.224,35,5.776,1.444,2166.0,2599.2,2025-07-13,0.0,0.0,1.444,5.776,0.0,July,7,3.86992,3.86992,0.0,83.49714285714286,0.0,0.0
2025,7,14,5.4216,43.3728,35,0.0,0.0,0.0,0.0,2025-07-14,8.372799999999998,0.0,0.0,0.0,8.372799999999998,July,7,0.0,0.0,0.0,123.92228571428572,0.0,0.0
2025,7,15,4.2113,33.6904,35,1.3096000000000032,0.3274000000000008,491.1000000000012,589.3200000000014,2025-07-15,7.063199999999995,1.3096000000000032,0.3274000000000008,0.0,0.0,July,7,0.8774320000000022,0.8774320000000022,0.0,96.2582857142857,0.0,0.0
2025,7,16,3.283,26.264,35,8.736,2.184,3276.0000000000005,3931.2000000000003,2025-07-16,0.0,7.063199999999995,2.184,1.6728000000000058,0.0,July,7,5.8531200000000005,5.8531200000000005,0.0,75.03999999999999,0.0,0.0
2025,7,17,3.8558,30.8464,35,4.153600000000001,1.0384000000000002,1557.6000000000004,1869.1200000000003,2025-07-17,0.0,0.0,1.0384000000000002,4.153600000000001,0.0,July,7,2.782912000000001,2.782912000000001,0.0,88.13257142857142,0.0,0.0
2025,7,18,4.1875,33.5,35,1.5,0.375,562.5,675.0,2025-07-18,0.0,0.0,0.375,1.5,0.0,July,7,1.0050000000000001,1.0050000000000001,0.0,95.71428571428572,0.0,0.0
2025,7,19,4.5946,36.7568,35,0.0,0.0,0.0,0.0,2025-07-19,1.7567999999999984,0.0,0.0,0.0,1.7567999999999984,July,7,0.0,0.0,0.0,105.01942857142856,0.0,0.0
2025,7,20,3.7951,30.3608,35,4.639199999999999,1.1597999999999997,1739.6999999999996,2087.6399999999994,2025-07-20,0.0,1.7567999999999984,1.1597999999999997,2.8824000000000005,0.0,July,7,3.1082639999999992,3.1082639999999992,0.0,86.74514285714287,0.0,0.0
2025,7,21,3.7956,30.3648,35,4.635200000000001,1.1588000000000003,1738.2000000000005,2085.8400000000006,2025-07-21,0.0,0.0,1.1588000000000003,4.635200000000001,0.0,July,7,3.105584000000001,3.105584000000001,0.0,86.75657142857143,0.0,0.0
2025,7,22,2.9772,23.8176,35,11.182400000000001,2.7956000000000003,4193.400000000001,5032.080000000001,2025-07-22,0.0,0.0,2.7956000000000003,11.182400000000001,0.0,July,7,7.4922080000000015,7.4922080000000015,0.0,68.0502857142857,0.0,0.0
2025,7,23,3.0499,24.3992,35,10.6008,2.6502,3975.2999999999997,4770.36,2025-07-23,0.0,0.0,2.6502,10.6008,0.0,July,7,7.102536,7.102536,0.0,69.71199999999999,0.0,0.0
2025,7,24,4.0985,32.788,35,2.2120000000000033,0.5530000000000008,829.5000000000013,995.4000000000015,2025-07-24,0.0,0.0,0.5530000000000008,2.2120000000000033,0.0,July,7,1.4820400000000022,1.4820400000000022,0.0,93.67999999999998,0.0,0.0
2025,7,25,3.9895,31.916,35,3.0839999999999996,0.7709999999999999,1156.4999999999998,1387.7999999999997,2025-07-25,0.0,0.0,0.7709999999999999,3.0839999999999996,0.0,July,7,2.06628,2.06628,0.0,91.18857142857144,0.0,0.0
2025,7,26,3.48,27.84,35,7.16,1.79,2685.0,3222.0,2025-07-26,0.0,0.0,1.79,7.16,0.0,July,7,4.7972,4.7972,0.0,79.54285714285714,0.0,0.0
2025,7,27,2.6054,20.8432,35,14.1568,3.5392,5308.8,6370.56,2025-07-27,0.0,0.0,3.5392,14.1568,0.0,July,7,9.485056,9.485056,0.0,59.55199999999999,0.0,0.0
2025,7,28,3.4973,27.9784,35,7.021599999999999,1.7553999999999998,2633.1,3159.72,2025-07-28,0.0,0.0,1.7553999999999998,7.021599999999999,0.0,July,7,4.704472,4.704472,0.0,79.93828571428571,0.0,0.0
2025,7,29,4.1597,33.2776,35,1.7224000000000004,0.4306000000000001,645.9000000000001,775.0800000000002,2025-07-29,0.0,0.0,0.4306000000000001,1.7224000000000004,0.0,July,7,1.1540080000000004,1.1540080000000004,0.0,95.07885714285715,0.0,0.0
2025,7,30,3.6564,29.2512,35,5.748799999999999,1.4371999999999998,2155.7999999999997,2586.9599999999996,2025-07-30,0.0,0.0,1.4371999999999998,5.748799999999999,0.0,July,7,3.8516959999999996,3.8516959999999996,0.0,83.57485714285714,0.0,0.0
2025,7,31,1.919,15.352,35,19.648,4.912,7368.0,8841.6,2025-07-31,0.0,0.0,4.912,19.648,0.0,July,7,13.16416,13.16416,0.0,43.862857142857145,0.0,0.0
2025,8,1,2.869,22.952,35,12.047999999999998,3.0119999999999996,4517.999999999999,5421.599999999999,2025-08-01,0.0,0.0,3.0119999999999996,12.047999999999998,0.0,August,8,8.072159999999998,8.072159999999998,0.0,65.57714285714286,0.0,0.0
2025,8,2,4.6908,37.5264,35,0.0,0.0,0.0,0.0,2025-08-02,2.5264000000000024,0.0,0.0,0.0,2.5264000000000024,August,8,0.0,0.0,0.0,107.21828571428571,0.0,0.0
2025,8,3,2.8286,22.6288,35,12.371200000000002,3.0928000000000004,4639.200000000001,5567.040000000001,2025-08-03,0.0,2.5264000000000024,3.0928000000000004,9.8448,0.0,August,8,8.288704000000001,8.288704000000001,0.0,64.65371428571429,0.0,0.0
2025,8,4,4.711,37.688,35,0.0,0.0,0.0,0.0,2025-08-04,2.6880000000000024,0.0,0.0,0.0,2.6880000000000024,August,8,0.0,0.0,0.0,107.67999999999999,0.0,0.0
2025,8,5,2.9546,23.6368,35,11.363199999999999,2.8407999999999998,4261.2,5113.44,2025-08-05,0.0,2.6880000000000024,2.8407999999999998,8.675199999999997,0.0,August,8,7.613344,7.613344,0.0,67.53371428571428,0.0,0.0
2025,8,6,2.7259,21.8072,35,13.192799999999998,3.2981999999999996,4947.299999999999,5936.759999999999,2025-08-06,0.0,0.0,3.2981999999999996,13.192799999999998,0.0,August,8,8.839176,8.839176,0.0,62.306285714285714,0.0,0.0
2025,8,7,4.4794,35.8352,35,0.0,0.0,0.0,0.0,2025-08-07,0.8352000000000004,0.0,0.0,0.0,0.8352000000000004,August,8,0.0,0.0,0.0,102.38628571428572,0.0,0.0
2025,8,8,3.0862,24.6896,35,10.310400000000001,2.5776000000000003,3866.4000000000005,4639.68,2025-08-08,0.0,0.8352000000000004,2.5776000000000003,9.475200000000001,0.0,August,8,6.907968000000001,6.907968000000001,0.0,70.54171428571429,0.0,0.0
2025,8,9,3.9214,31.3712,35,3.6287999999999982,0.9071999999999996,1360.7999999999993,1632.9599999999991,2025-08-09,0.0,0.0,0.9071999999999996,3.6287999999999982,0.0,August,8,2.431295999999999,2.431295999999999,0.0,89.632,0.0,0.0
2025,8,10,5.3153,42.5224,35,0.0,0.0,0.0,0.0,2025-08-10,7.5223999999999975,0.0,0.0,0.0,7.5223999999999975,August,8,0.0,0.0,0.0,121.49257142857141,0.0,0.0
2025,8,11,2.8409,22.7272,35,12.2728,3.0682,4602.3,5522.76,2025-08-11,0.0,7.5223999999999975,3.0682,4.750400000000003,0.0,August,8,8.222776000000001,8.222776000000001,0.0,64.93485714285714,0.0,0.0
2025,8,12,2.4718,19.7744,35,15.2256,3.8064,5709.6,6851.52,2025-08-12,0.0,0.0,3.8064,15.2256,0.0,August,8,10.201152,10.201152,0.0,56.498285714285714,0.0,0.0
2025,8,13,3.7284,29.8272,35,5.172799999999999,1.2931999999999997,1939.7999999999995,2327.7599999999993,2025-08-13,0.0,0.0,1.2931999999999997,5.172799999999999,0.0,August,8,3.4657759999999995,3.4657759999999995,0.0,85.22057142857143,0.0,0.0
2025,8,14,1.9421,15.5368,35,19.4632,4.8658,7298.7,8758.44,2025-08-14,0.0,0.0,4.8658,19.4632,0.0,August,8,13.040344000000001,13.040344000000001,0.0,44.39085714285714,0.0,0.0
2025,8,15,2.2006,17.6048,35,17.3952,4.3488,6523.2,7827.839999999999,2025-08-15,0.0,0.0,4.3488,17.3952,0.0,August,8,11.654784,11.654784,0.0,50.29942857142857,0.0,0.0
2025,8,16,4.242,33.936,35,1.064,0.266,399.0,478.8,2025-08-16,0.0,0.0,0.266,1.064,0.0,August,8,0.7128800000000001,0.7128800000000001,0.0,96.96000000000001,0.0,0.0
2025,8,17,2.9911,23.9288,35,11.071200000000001,2.7678000000000003,4151.700000000001,4982.040000000001,2025-08-17,0.0,0.0,2.7678000000000003,11.071200000000001,0.0,August,8,7.417704000000001,7.417704000000001,0.0,68.368,0.0,0.0
2025,8,18,3.3103,26.4824,35,8.517600000000002,2.1294000000000004,3194.100000000001,3832.9200000000005,2025-08-18,0.0,0.0,2.1294000000000004,8.517600000000002,0.0,August,8,5.706792000000002,5.706792000000002,0.0,75.664,0.0,0.0
2025,8,19,5.7482,45.9856,35,0.0,0.0,0.0,0.0,2025-08-19,10.0,0.0,0.0,0.0,10.985599999999998,August,8,0.0,0.0,0.0,131.38742857142856,0.0,0.0
2025,8,20,2.1002,16.8016,35,18.1984,4.5496,6824.4,8189.28,2025-08-20,0.0,10.0,4.5496,8.1984,0.0,August,8,12.192928,12.192928,0.0,48.00457142857143,0.0,0.0
2025,8,21,3.9247,31.3976,35,3.6023999999999994,0.9005999999999998,1350.8999999999999,1621.0799999999997,2025-08-21,0.0,0.0,0.9005999999999998,3.6023999999999994,0.0,August,8,2.4136079999999995,2.4136079999999995,0.0,89.70742857142857,0.0,0.0
2025,8,22,4.2139,33.7112,35,1.288800000000002,0.3222000000000005,483.30000000000075,579.9600000000008,2025-08-22,0.0,0.0,0.3222000000000005,1.288800000000002,0.0,August,8,0.8634960000000014,0.8634960000000014,0.0,96.31771428571429,0.0,0.0
2025,8,23,2.8426,22.7408,35,12.2592,3.0648,4597.2,5516.64,2025-08-23,0.0,0.0,3.0648,12.2592,0.0,August,8,8.213664,8.213664,0.0,64.9737142857143,0.0,0.0
2025,8,24,3.1776,25.4208,35,9.5792,2.3948,3592.2000000000003,4310.64,2025-08-24,0.0,0.0,2.3948,9.5792,0.0,August,8,6.418064,6.418064,0.0,72.63085714285714,0.0,0.0
2025,8,25,4.1923,33.5384,35,1.4615999999999971,0.3653999999999993,548.0999999999989,657.7199999999987,2025-08-25,0.0,0.0,0.3653999999999993,1.4615999999999971,0.0,August,8,0.9792719999999981,0.9792719999999981,0.0,95.82400000000001,0.0,0.0
2025,8,26,2.0954,16.7632,35,18.2368,4.5592,6838.799999999999,8206.56,2025-08-26,0.0,0.0,4.5592,18.2368,0.0,August,8,12.218656,12.218656,0.0,47.89485714285714,0.0,0.0
2025,8,27,3.1397,25.1176,35,9.8824,2.4706,3705.9,4447.08,2025-08-27,0.0,0.0,2.4706,9.8824,0.0,August,8,6.621208000000001,6.621208000000001,0.0,71.76457142857143,0.0,0.0
2025,8,28,4.7057,37.6456,35,0.0,0.0,0.0,0.0,2025-08-28,2.6456000000000017,0.0,0.0,0.0,2.6456000000000017,August,8,0.0,0.0,0.0,107.55885714285715,0.0,0.0
2025,8,29,3.0259,24.2072,35,10.7928,2.6982,4047.2999999999997,4856.76,2025-08-29,0.0,2.6456000000000017,2.6982,8.147199999999998,0.0,August,8,7.2311760000000005,7.2311760000000005,0.0,69.16342857142858,0.0,0.0
2025,8,30,3.6614,29.2912,35,5.7088,1.4272,2140.8,2568.96,2025-08-30,0.0,0.0,1.4272,5.7088,0.0,August,8,3.8248960000000003,3.8248960000000003,0.0,83.68914285714285,0.0,0.0
2025,8,31,4.8506,38.8048,35,0.0,0.0,0.0,0.0,2025-08-31,3.8048,0.0,0.0,0.0,3.8048,August,8,0.0,0.0,0.0,110.87085714285713,0.0,0.0
2025,9,1,6.1589,49.2712,35,0.0,0.0,0.0,0.0,2025-09-01,10.0,0.0,0.0,0.0,14.2712,September,9,0.0,0.0,0.0,140.77485714285714,0.0,0.0
2025,9,2,1.4522,11.6176,35,23.3824,5.8456,8768.4,10522.08,2025-09-02,0.0,10.0,5.8456,13.3824,0.0,September,9,15.666208000000001,15.666208000000001,0.0,33.19314285714285,0.0,0.0
2025,9,3,3.6986,29.5888,35,5.411200000000001,1.3528000000000002,2029.2000000000003,2435.0400000000004,2025-09-03,0.0,0.0,1.3528000000000002,5.411200000000001,0.0,September,9,3.6255040000000007,3.6255040000000007,0.0,84.53942857142856,0.0,0.0
2025,9,4,3.4034,27.2272,35,7.7728,1.9432,2914.8,3497.76,2025-09-04,0.0,0.0,1.9432,7.7728,0.0,September,9,5.207776000000001,5.207776000000001,0.0,77.792,0.0,0.0
2025,9,5,4.6157,36.9256,35,0.0,0.0,0.0,0.0,2025-09-05,1.9256000000000029,0.0,0.0,0.0,1.9256000000000029,September,9,0.0,0.0,0.0,105.50171428571429,0.0,0.0
2025,9,6,5.9162,47.3296,35,0.0,0.0,0.0,0.0,2025-09-06,10.0,0.0,0.0,0.0,12.3296,September,9,0.0,0.0,0.0,135.2274285714286,0.0,0.0
2025,9,7,5.8824,47.0592,35,0.0,0.0,0.0,0.0,2025-09-07,10.0,0.0,0.0,0.0,12.059199999999997,September,9,0.0,0.0,0.0,134.45485714285715,0.0,0.0
2025,9,8,4.8187,38.5496,35,0.0,0.0,0.0,0.0,2025-09-08,10.0,0.0,0.0,0.0,3.549599999999998,September,9,0.0,0.0,0.0,110.14171428571429,0.0,0.0
2025,9,9,3.5918,28.7344,35,6.265599999999999,1.5663999999999998,2349.6,2819.5199999999995,2025-09-09,3.734400000000001,6.265599999999999,1.5663999999999998,0.0,0.0,September,9,4.197952,4.197952,0.0,82.09828571428571,0.0,0.0
2025,9,10,5.0777,40.6216,35,0.0,0.0,0.0,0.0,2025-09-10,9.356000000000002,0.0,0.0,0.0,5.621600000000001,September,9,0.0,0.0,0.0,116.06171428571427,0.0,0.0
2025,9,11,1.5377,12.3016,35,22.6984,5.6746,8511.9,10214.28,2025-09-11,0.0,9.356000000000002,5.6746,13.342399999999998,0.0,September,9,15.207928,15.207928,0.0,35.14742857142858,0.0,0.0
2025,9,12,5.3052,42.4416,35,0.0,0.0,0.0,0.0,2025-09-12,7.441600000000001,0.0,0.0,0.0,7.441600000000001,September,9,0.0,0.0,0.0,121.26171428571428,0.0,0.0
2025,9,13,4.7998,38.3984,35,0.0,0.0,0.0,0.0,2025-09-13,10.0,0.0,0.0,0.0,3.3984000000000023,September,9,0.0,0.0,0.0,109.7097142857143,0.0,0.0
2025,9,14,6.1118,48.8944,35,0.0,0.0,0.0,0.0,2025-09-14,10.0,0.0,0.0,0.0,13.894399999999997,September,9,0.0,0.0,0.0,139.6982857142857,0.0,0.0
2025,9,15,4.4887,35.9096,35,0.0,0.0,0.0,0.0,2025-09-15,10.0,0.0,0.0,0.0,0.9095999999999975,September,9,0.0,0.0,0.0,102.59885714285713,0.0,0.0
2025,9,16,4.5432,36.3456,35,0.0,0.0,0.0,0.0,2025-09-16,10.0,0.0,0.0,0.0,1.3455999999999975,September,9,0.0,0.0,0.0,103.84457142857141,0.0,0.0
2025,9,17,5.6462,45.1696,35,0.0,0.0,0.0,0.0,2025-09-17,10.0,0.0,0.0,0.0,10.169600000000003,September,9,0.0,0.0,0.0,129.056,0.0,0.0
2025,9,18,5.5423,44.3384,35,0.0,0.0,0.0,0.0,2025-09-18,10.0,0.0,0.0,0.0,9.3384,September,9,0.0,0.0,0.0,126.68114285714285,0.0,0.0
2025,9,19,5.4199,43.3592,35,0.0,0.0,0.0,0.0,2025-09-19,10.0,0.0,0.0,0.0,8.359200000000001,September,9,0.0,0.0,0.0,123.88342857142858,0.0,0.0
2025,9,20,4.5914,36.7312,35,0.0,0.0,0.0,0.0,2025-09-20,10.0,0.0,0.0,0.0,1.7312000000000012,September,9,0.0,0.0,0.0,104.94628571428572,0.0,0.0
2025,9,21,5.2524,42.0192,35,0.0,0.0,0.0,0.0,2025-09-21,10.0,0.0,0.0,0.0,7.019199999999998,September,9,0.0,0.0,0.0,120.05485714285713,0.0,0.0
2025,9,22,5.0561,40.4488,35,0.0,0.0,0.0,0.0,2025-09-22,10.0,0.0,0.0,0.0,5.4487999999999985,September,9,0.0,0.0,0.0,115.568,0.0,0.0
2025,9,23,3.6499,29.1992,35,5.800799999999999,1.4501999999999997,2175.2999999999997,2610.3599999999997,2025-09-23,4.199200000000001,5.800799999999999,1.4501999999999997,0.0,0.0,September,9,3.8865359999999995,3.8865359999999995,0.0,83.42628571428573,0.0,0.0
2025,9,24,3.9982,31.9856,35,3.0143999999999984,0.7535999999999996,1130.3999999999994,1356.4799999999993,2025-09-24,1.1848000000000027,3.0143999999999984,0.7535999999999996,0.0,0.0,September,9,2.019647999999999,2.019647999999999,0.0,91.38742857142857,0.0,0.0
2025,9,25,4.6265,37.012,35,0.0,0.0,0.0,0.0,2025-09-25,3.196800000000003,0.0,0.0,0.0,2.0120000000000005,September,9,0.0,0.0,0.0,105.74857142857144,0.0,0.0
2025,9,26,5.4924,43.9392,35,0.0,0.0,0.0,0.0,2025-09-26,10.0,0.0,0.0,0.0,8.9392,September,9,0.0,0.0,0.0,125.54057142857143,0.0,0.0
2025,9,27,5.4797,43.8376,35,0.0,0.0,0.0,0.0,2025-09-27,10.0,0.0,0.0,0.0,8.837600000000002,September,9,0.0,0.0,0.0,125.25028571428571,0.0,0.0
2025,9,28,5.251,42.008,35,0.0,0.0,0.0,0.0,2025-09-28,10.0,0.0,0.0,0.0,7.008000000000003,September,9,0.0,0.0,0.0,120.02285714285715,0.0,0.0
2025,9,29,5.3386,42.7088,35,0.0,0.0,0.0,0.0,2025-09-29,10.0,0.0,0.0,0.0,7.7087999999999965,September,9,0.0,0.0,0.0,122.02514285714285,0.0,0.0
2025,9,30,6.2503,50.0024,35,0.0,0.0,0.0,0.0,2025-09-30,10.0,0.0,0.0,0.0,15.002400000000002,September,9,0.0,0.0,0.0,142.864,0.0,0.0
2025,10,1,5.4888,43.9104,35,0.0,0.0,0.0,0.0,2025-10-01,10.0,0.0,0.0,0.0,8.910400000000003,October,10,0.0,0.0,0.0,125.45828571428572,0.0,0.0
2025,10,2,3.7373,29.8984,35,5.101600000000001,1.2754000000000003,1913.1000000000004,2295.7200000000007,2025-10-02,4.898399999999999,5.101600000000001,1.2754000000000003,0.0,0.0,October,10,3.418072000000001,3.418072000000001,0.0,85.424,0.0,0.0
2025,10,3,6.161,49.288,35,0.0,0.0,0.0,0.0,2025-10-03,10.0,0.0,0.0,0.0,14.287999999999997,October,10,0.0,0.0,0.0,140.82285714285715,0.0,0.0
2025,10,4,5.9172,47.3376,35,0.0,0.0,0.0,0.0,2025-10-04,10.0,0.0,0.0,0.0,12.337600000000002,October,10,0.0,0.0,0.0,135.25028571428572,0.0,0.0
2025,10,5,4.7782,38.2256,35,0.0,0.0,0.0,0.0,2025-10-05,10.0,0.0,0.0,0.0,3.2256,October,10,0.0,0.0,0.0,109.21600000000001,0.0,0.0
2025,10,6,4.4544,35.6352,35,0.0,0.0,0.0,0.0,2025-10-06,10.0,0.0,0.0,0.0,0.6351999999999975,October,10,0.0,0.0,0.0,101.81485714285714,0.0,0.0
2025,10,7,5.6645,45.316,35,0.0,0.0,0.0,0.0,2025-10-07,10.0,0.0,0.0,0.0,10.316000000000003,October,10,0.0,0.0,0.0,129.4742857142857,0.0,0.0
2025,10,8,5.9177,47.3416,35,0.0,0.0,0.0,0.0,2025-10-08,10.0,0.0,0.0,0.0,12.3416,October,10,0.0,0.0,0.0,135.26171428571428,0.0,0.0
2025,10,9,5.0758,40.6064,35,0.0,0.0,0.0,0.0,2025-10-09,10.0,0.0,0.0,0.0,5.606400000000001,October,10,0.0,0.0,0.0,116.01828571428572,0.0,0.0
2025,10,10,3.3694,26.9552,35,8.044799999999999,2.0111999999999997,3016.7999999999993,3620.1599999999994,2025-10-10,1.9552000000000014,8.044799999999999,2.0111999999999997,0.0,0.0,October,10,5.390015999999999,5.390015999999999,0.0,77.01485714285715,0.0,0.0
2025,10,11,5.7744,46.1952,35,0.0,0.0,0.0,0.0,2025-10-11,10.0,0.0,0.0,0.0,11.1952,October,10,0.0,0.0,0.0,131.9862857142857,0.0,0.0
2025,10,12,4.3582,34.8656,35,0.1343999999999994,0.03359999999999985,50.39999999999978,60.479999999999734,2025-10-12,9.8656,0.1343999999999994,0.03359999999999985,0.0,0.0,October,10,0.09004799999999961,0.09004799999999961,0.0,99.616,0.0,0.0
2025,10,13,5.5207,44.1656,35,0.0,0.0,0.0,0.0,2025-10-13,10.0,0.0,0.0,0.0,9.165599999999998,October,10,0.0,0.0,0.0,126.18742857142857,0.0,0.0
2025,10,14,5.299,42.392,35,0.0,0.0,0.0,0.0,2025-10-14,10.0,0.0,0.0,0.0,7.392000000000003,October,10,0.0,0.0,0.0,121.12,0.0,0.0
2025,10,15,5.4838,43.8704,35,0.0,0.0,0.0,0.0,2025-10-15,10.0,0.0,0.0,0.0,8.870399999999997,October,10,0.0,0.0,0.0,125.344,0.0,0.0
2025,10,16,5.4005,43.204,35,0.0,0.0,0.0,0.0,2025-10-16,10.0,0.0,0.0,0.0,8.204,October,10,0.0,0.0,0.0,123.44,0.0,0.0
2025,10,17,5.3945,43.156,35,0.0,0.0,0.0,0.0,2025-10-17,10.0,0.0,0.0,0.0,8.155999999999999,October,10,0.0,0.0,0.0,123.30285714285714,0.0,0.0
2025,10,18,6.5834,52.6672,35,0.0,0.0,0.0,0.0,2025-10-18,10.0,0.0,0.0,0.0,17.6672,October,10,0.0,0.0,0.0,150.47771428571428,0.0,0.0
2025,10,19,6.8028,54.4224,35,0.0,0.0,0.0,0.0,2025-10-19,10.0,0.0,0.0,0.0,19.422400000000003,October,10,0.0,0.0,0.0,155.49257142857144,0.0,0.0
2025,10,20,5.6189,44.9512,35,0.0,0.0,0.0,0.0,2025-10-20,10.0,0.0,0.0,0.0,9.9512,October,10,0.0,0.0,0.0,128.432,0.0,0.0
2025,10,21,6.5006,52.0048,35,0.0,0.0,0.0,0.0,2025-10-21,10.0,0.0,0.0,0.0,17.004800000000003,October,10,0.0,0.0,0.0,148.58514285714287,0.0,0.0
2025,10,22,6.0778,48.6224,35,0.0,0.0,0.0,0.0,2025-10-22,10.0,0.0,0.0,0.0,13.622399999999999,October,10,0.0,0.0,0.0,138.92114285714285,0.0,0.0
2025,10,23,5.1034,40.8272,35,0.0,0.0,0.0,0.0,2025-10-23,10.0,0.0,0.0,0.0,5.827199999999998,October,10,0.0,0.0,0.0,116.64914285714285,0.0,0.0
2025,10,24,5.803,46.424,35,0.0,0.0,0.0,0.0,2025-10-24,10.0,0.0,0.0,0.0,11.424,October,10,0.0,0.0,0.0,132.64000000000001,0.0,0.0
2025,10,25,5.8735,46.988,35,0.0,0.0,0.0,0.0,2025-10-25,10.0,0.0,0.0,0.0,11.988,October,10,0.0,0.0,0.0,134.2514285714286,0.0,0.0
2025,10,26,6.4913,51.9304,35,0.0,0.0,0.0,0.0,2025-10-26,10.0,0.0,0.0,0.0,16.9304,October,10,0.0,0.0,0.0,148.37257142857143,0.0,0.0
2025,10,27,6.5174,52.1392,35,0.0,0.0,0.0,0.0,2025-10-27,10.0,0.0,0.0,0.0,17.139200000000002,October,10,0.0,0.0,0.0,148.96914285714286,0.0,0.0
2025,10,28,4.529,36.232,35,0.0,0.0,0.0,0.0,2025-10-28,10.0,0.0,0.0,0.0,1.2319999999999993,October,10,0.0,0.0,0.0,103.52,0.0,0.0
2025,10,29,6.053,48.424,35,0.0,0.0,0.0,0.0,2025-10-29,10.0,0.0,0.0,0.0,13.424,October,10,0.0,0.0,0.0,138.3542857142857,0.0,0.0
2025,10,30,5.6861,45.4888,35,0.0,0.0,0.0,0.0,2025-10-30,10.0,0.0,0.0,0.0,10.488799999999998,October,10,0.0,0.0,0.0,129.968,0.0,0.0
2025,10,31,6.245,49.96,35,0.0,0.0,0.0,0.0,2025-10-31,10.0,0.0,0.0,0.0,14.96,October,10,0.0,0.0,0.0,142.74285714285716,0.0,0.0
2025,11,1,6.3766,51.0128,35,0.0,0.0,0.0,0.0,2025-11-01,10.0,0.0,0.0,0.0,16.0128,November,11,0.0,0.0,0.0,145.75085714285714,0.0,0.0
2025,11,2,6.4152,51.3216,35,0.0,0.0,0.0,0.0,2025-11-02,10.0,0.0,0.0,0.0,16.321599999999997,November,11,0.0,0.0,0.0,146.63314285714284,0.0,0.0
2025,11,3,6.1418,49.1344,35,0.0,0.0,0.0,0.0,2025-11-03,10.0,0.0,0.0,0.0,14.1344,November,11,0.0,0.0,0.0,140.384,0.0,0.0
2025,11,4,5.8675,46.94,35,0.0,0.0,0.0,0.0,2025-11-04,10.0,0.0,0.0,0.0,11.939999999999998,November,11,0.0,0.0,0.0,134.1142857142857,0.0,0.0
2025,11,5,6.0888,48.7104,35,0.0,0.0,0.0,0.0,2025-11-05,10.0,0.0,0.0,0.0,13.7104,November,11,0.0,0.0,0.0,139.17257142857142,0.0,0.0
2025,11,6,5.6273,45.0184,35,0.0,0.0,0.0,0.0,2025-11-06,10.0,0.0,0.0,0.0,10.0184,November,11,0.0,0.0,0.0,128.624,0.0,0.0
2025,11,7,5.7355,45.884,35,0.0,0.0,0.0,0.0,2025-11-07,10.0,0.0,0.0,0.0,10.884,November,11,0.0,0.0,0.0,131.09714285714287,0.0,0.0
2025,11,8,5.9885,47.908,35,0.0,0.0,0.0,0.0,2025-11-08,10.0,0.0,0.0,0.0,12.908000000000001,November,11,0.0,0.0,0.0,136.88,0.0,0.0
2025,11,9,6.1114,48.8912,35,0.0,0.0,0.0,0.0,2025-11-09,10.0,0.0,0.0,0.0,13.891199999999998,November,11,0.0,0.0,0.0,139.68914285714285,0.0,0.0
2025,11,10,6.103,48.824,35,0.0,0.0,0.0,0.0,2025-11-10,10.0,0.0,0.0,0.0,13.823999999999998,November,11,0.0,0.0,0.0,139.49714285714285,0.0,0.0
2025,11,11,6.2126,49.7008,35,0.0,0.0,0.0,0.0,2025-11-11,10.0,0.0,0.0,0.0,14.700800000000001,November,11,0.0,0.0,0.0,142.00228571428573,0.0,0.0
2025,11,12,6.2498,49.9984,35,0.0,0.0,0.0,0.0,2025-11-12,10.0,0.0,0.0,0.0,14.998399999999997,November,11,0.0,0.0,0.0,142.85257142857142,0.0,0.0
2025,11,13,5.9093,47.2744,35,0.0,0.0,0.0,0.0,2025-11-13,10.0,0.0,0.0,0.0,12.2744,November,11,0.0,0.0,0.0,135.06971428571427,0.0,0.0
2025,11,14,6.0415,48.332,35,0.0,0.0,0.0,0.0,2025-11-14,10.0,0.0,0.0,0.0,13.332,November,11,0.0,0.0,0.0,138.09142857142857,0.0,0.0
2025,11,15,6.1104,48.8832,35,0.0,0.0,0.0,0.0,2025-11-15,10.0,0.0,0.0,0.0,13.883200000000002,November,11,0.0,0.0,0.0,139.66628571428572,0.0,0.0
2025,11,16,6.2477,49.9816,35,0.0,0.0,0.0,0.0,2025-11-16,10.0,0.0,0.0,0.0,14.9816,November,11,0.0,0.0,0.0,142.80457142857145,0.0,0.0
2025,11,17,6.3718,50.9744,35,0.0,0.0,0.0,0.0,2025-11-17,10.0,0.0,0.0,0.0,15.974400000000003,November,11,0.0,0.0,0.0,145.64114285714288,0.0,0.0
2025,11,18,6.1783,49.4264,35,0.0,0.0,0.0,0.0,2025-11-18,10.0,0.0,0.0,0.0,14.426400000000001,November,11,0.0,0.0,0.0,141.2182857142857,0.0,0.0
2025,11,19,6.2551,50.0408,35,0.0,0.0,0.0,0.0,2025-11-19,10.0,0.0,0.0,0.0,15.040799999999997,November,11,0.0,0.0,0.0,142.9737142857143,0.0,0.0
2025,11,20,6.2566,50.0528,35,0.0,0.0,0.0,0.0,2025-11-20,10.0,0.0,0.0,0.0,15.052799999999998,November,11,0.0,0.0,0.0,143.008,0.0,0.0
2025,11,21,6.0756,48.6048,35,0.0,0.0,0.0,0.0,2025-11-21,10.0,0.0,0.0,0.0,13.604799999999997,November,11,0.0,0.0,0.0,138.87085714285715,0.0,0.0
2025,11,22,6.0086,48.0688,35,0.0,0.0,0.0,0.0,2025-11-22,10.0,0.0,0.0,0.0,13.068800000000003,November,11,0.0,0.0,0.0,137.33942857142858,0.0,0.0
2025,11,23,5.3568,42.8544,35,0.0,0.0,0.0,0.0,2025-11-23,10.0,0.0,0.0,0.0,7.854399999999998,November,11,0.0,0.0,0.0,122.44114285714285,0.0,0.0
2025,11,24,5.3926,43.1408,35,0.0,0.0,0.0,0.0,2025-11-24,10.0,0.0,0.0,0.0,8.140799999999999,November,11,0.0,0.0,0.0,123.25942857142857,0.0,0.0
2025,11,25,6.2731,50.1848,35,0.0,0.0,0.0,0.0,2025-11-25,10.0,0.0,0.0,0.0,15.184800000000003,November,11,0.0,0.0,0.0,143.38514285714285,0.0,0.0
2025,11,26,5.6722,45.3776,35,0.0,0.0,0.0,0.0,2025-11-26,10.0,0.0,0.0,0.0,10.377600000000001,November,11,0.0,0.0,0.0,129.65028571428573,0.0,0.0
2025,11,27,5.5846,44.6768,35,0.0,0.0,0.0,0.0,2025-11-27,10.0,0.0,0.0,0.0,9.6768,November,11,0.0,0.0,0.0,127.64800000000001,0.0,0.0
2025,11,28,5.8932,47.1456,35,0.0,0.0,0.0,0.0,2025-11-28,10.0,0.0,0.0,0.0,12.145600000000002,November,11,0.0,0.0,0.0,134.7017142857143,0.0,0.0
2025,11,29,5.9659,47.7272,35,0.0,0.0,0.0,0.0,2025-11-29,10.0,0.0,0.0,0.0,12.727200000000003,November,11,0.0,0.0,0.0,136.36342857142859,0.0,0.0
2025,11,30,6.0206,48.1648,35,0.0,0.0,0.0,0.0,2025-11-30,10.0,0.0,0.0,0.0,13.1648,November,11,0.0,0.0,0.0,137.6137142857143,0.0,0.0
2025,12,1,6.0461,48.3688,35,0.0,0.0,0.0,0.0,2025-12-01,10.0,0.0,0.0,0.0,13.3688,December,12,0.0,0.0,0.0,138.19657142857142,0.0,0.0
2025,12,2,5.2572,42.0576,35,0.0,0.0,0.0,0.0,2025-12-02,10.0,0.0,0.0,0.0,7.057600000000001,December,12,0.0,0.0,0.0,120.16457142857142,0.0,0.0
2025,12,3,5.669,45.352,35,0.0,0.0,0.0,0.0,2025-12-03,10.0,0.0,0.0,0.0,10.351999999999997,December,12,0.0,0.0,0.0,129.57714285714286,0.0,0.0
2025,12,4,4.7134,37.7072,35,0.0,0.0,0.0,0.0,2025-12-04,10.0,0.0,0.0,0.0,2.7072000000000003,December,12,0.0,0.0,0.0,107.73485714285715,0.0,0.0
2025,12,5,5.3047,42.4376,35,0.0,0.0,0.0,0.0,2025-12-05,10.0,0.0,0.0,0.0,7.437600000000003,December,12,0.0,0.0,0.0,121.25028571428574,0.0,0.0
2025,12,6,5.4698,43.7584,35,0.0,0.0,0.0,0.0,2025-12-06,10.0,0.0,0.0,0.0,8.758400000000002,December,12,0.0,0.0,0.0,125.024,0.0,0.0
2025,12,7,5.4012,43.2096,35,0.0,0.0,0.0,0.0,2025-12-07,10.0,0.0,0.0,0.0,8.209600000000002,December,12,0.0,0.0,0.0,123.45600000000002,0.0,0.0
2025,12,8,5.4041,43.2328,35,0.0,0.0,0.0,0.0,2025-12-08,10.0,0.0,0.0,0.0,8.232799999999997,December,12,0.0,0.0,0.0,123.52228571428572,0.0,0.0
2025,12,9,4.9877,39.9016,35,0.0,0.0,0.0,0.0,2025-12-09,10.0,0.0,0.0,0.0,4.901600000000002,December,12,0.0,0.0,0.0,114.00457142857144,0.0,0.0
2025,12,10,4.6723,37.3784,35,0.0,0.0,0.0,0.0,2025-12-10,10.0,0.0,0.0,0.0,2.378399999999999,December,12,0.0,0.0,0.0,106.79542857142856,0.0,0.0
2025,12,11,4.6656,37.3248,35,0.0,0.0,0.0,0.0,2025-12-11,10.0,0.0,0.0,0.0,2.3248000000000033,December,12,0.0,0.0,0.0,106.64228571428573,0.0,0.0
2025,12,12,5.221,41.768,35,0.0,0.0,0.0,0.0,2025-12-12,10.0,0.0,0.0,0.0,6.768000000000001,December,12,0.0,0.0,0.0,119.33714285714285,0.0,0.0
2025,12,13,5.5354,44.2832,35,0.0,0.0,0.0,0.0,2025-12-13,10.0,0.0,0.0,0.0,9.2832,December,12,0.0,0.0,0.0,126.52342857142858,0.0,0.0
2025,12,14,4.873,38.984,35,0.0,0.0,0.0,0.0,2025-12-14,10.0,0.0,0.0,0.0,3.9840000000000018,December,12,0.0,0.0,0.0,111.38285714285713,0.0,0.0
2025,12,15,5.1194,40.9552,35,0.0,0.0,0.0,0.0,2025-12-15,10.0,0.0,0.0,0.0,5.955199999999998,December,12,0.0,0.0,0.0,117.01485714285712,0.0,0.0
2025,12,16,5.5747,44.5976,35,0.0,0.0,0.0,0.0,2025-12-16,10.0,0.0,0.0,0.0,9.5976,December,12,0.0,0.0,0.0,127.42171428571429,0.0,0.0
2025,12,17,5.5171,44.1368,35,0.0,0.0,0.0,0.0,2025-12-17,10.0,0.0,0.0,0.0,9.136800000000001,December,12,0.0,0.0,0.0,126.10514285714285,0.0,0.0
2025,12,18,5.6273,45.0184,35,0.0,0.0,0.0,0.0,2025-12-18,10.0,0.0,0.0,0.0,10.0184,December,12,0.0,0.0,0.0,128.624,0.0,0.0
2025,12,19,5.5766,44.6128,35,0.0,0.0,0.0,0.0,2025-12-19,10.0,0.0,0.0,0.0,9.6128,December,12,0.0,0.0,0.0,127.46514285714285,0.0,0.0
2025,12,20,5.8253,46.6024,35,0.0,0.0,0.0,0.0,2025-12-20,10.0,0.0,0.0,0.0,11.602400000000003,December,12,0.0,0.0,0.0,133.14971428571428,0.0,0.0
2025,12,21,5.3198,42.5584,35,0.0,0.0,0.0,0.0,2025-12-21,10.0,0.0,0.0,0.0,7.558399999999999,December,12,0.0,0.0,0.0,121.59542857142857,0.0,0.0
2025,12,22,5.261,42.088,35,0.0,0.0,0.0,0.0,2025-12-22,10.0,0.0,0.0,0.0,7.088000000000001,December,12,0.0,0.0,0.0,120.25142857142856,0.0,0.0
2025,12,23,5.1281,41.0248,35,0.0,0.0,0.0,0.0,2025-12-23,10.0,0.0,0.0,0.0,6.024799999999999,December,12,0.0,0.0,0.0,117.21371428571427,0.0,0.0
2025,12,24,4.8886,39.1088,35,0.0,0.0,0.0,0.0,2025-12-24,10.0,0.0,0.0,0.0,4.108800000000002,December,12,0.0,0.0,0.0,111.73942857142858,0.0,0.0
2025,12,25,4.8883,39.1064,35,0.0,0.0,0.0,0.0,2025-12-25,10.0,0.0,0.0,0.0,4.106400000000001,December,12,0.0,0.0,0.0,111.73257142857142,0.0,0.0
2025,12,26,5.197,41.576,35,0.0,0.0,0.0,0.0,2025-12-26,10.0,0.0,0.0,0.0,6.5760000000000005,December,12,0.0,0.0,0.0,118.78857142857142,0.0,0.0
2025,12,27,5.1516,41.2128,35,0.0,0.0,0.0,0.0,2025-12-27,10.0,0.0,0.0,0.0,6.212800000000001,December,12,0.0,0.0,0.0,117.75085714285716,0.0,0.0
2025,12,28,5.2214,41.7712,35,0.0,0.0,0.0,0.0,2025-12-28,10.0,0.0,0.0,0.0,6.7712,December,12,0.0,0.0,0.0,119.34628571428571,0.0,0.0
2025,12,29,5.6486,45.1888,35,0.0,0.0,0.0,0.0,2025-12-29,10.0,0.0,0.0,0.0,10.1888,December,12,0.0,0.0,0.0,129.11085714285716,0.0,0.0
2025,12,30,5.5848,44.6784,35,0.0,0.0,0.0,0.0,2025-12-30,10.0,0.0,0.0,0.0,9.678400000000003,December,12,0.0,0.0,0.0,127.65257142857145,0.0,0.0
2025,12,31,5.603,44.824,35,0.0,0.0,0.0,0.0,2025-12-31,10.0,0.0,0.0,0.0,9.823999999999998,December,12,0.0,0.0,0.0,128.06857142857143,0.0,0.0
